{"numFeature":20,"numClass":2,"alpha":1.0E-5,"regL1":1.0,"headers":["feature0","feature1","feature2","feature3","feature4","feature5","feature6","feature7","feature8","feature9","feature10","feature11","feature12","feature13","feature14","feature15","feature16","feature17","feature18","feature19"],"w":[[-1.0480778947562864E-4,1.0480778947562862E-4],[2.2806266601675935E-5,-2.280626660167595E-5],[-1.6803916670067042E-4,1.6803916670067047E-4],[3.530204354398278E-5,-3.530204354398278E-5],[-0.005156255046413419,0.005156255046413419],[1.744074499501183E-5,-1.744074499501184E-5],[5.947285193372978E-5,-5.947285193372979E-5],[3.0781615804901944E-4,-3.078161580490194E-4],[-6.660680656427608E-5,6.66068065642761E-5],[3.238883728671244E-4,-3.2388837286712453E-4],[-6.540565846267359E-5,6.540565846267362E-5],[-1.9111688398371177E-4,1.9111688398371171E-4],[1.0143994480997387E-4,-1.0143994480997387E-4],[-1.1264497249910884E-4,1.1264497249910887E-4],[-5.042100020767412E-5,5.0421000207674126E-5],[-7.958632542944276E-5,7.958632542944275E-5],[-1.062136320105018E-4,1.0621363201050183E-4],[-1.2187400555154309E-4,1.2187400555154306E-4],[9.479519834695461E-4,-9.479519834695459E-4],[-0.001665248590510367,0.001665248590510367]]}